{"cameraMode":{"drawMode":0,"name":"Shaded","section":"Shading Mode"},"sceneLighting":false,"audioPlay":false,"sceneViewState":{"showFog":true,"showMaterialUpdate":true,"showSkybox":false,"showFlares":true,"showImageEffects":true,"showParticleSystems":true},"in2DMode":false,"pivot":{"x":-0.19284415245056153,"y":-0.1171875,"z":17.908613204956056},"rotation":{"x":0.3682439625263214,"y":0.03485284373164177,"z":-0.0138156209141016,"w":0.9289731979370117},"size":28.59684944152832,"orthographic":true}