{"cameraMode":{"drawMode":0,"name":"Shaded","section":"Shading Mode"},"sceneLighting":false,"audioPlay":false,"sceneViewState":{"showFog":true,"showMaterialUpdate":true,"showSkybox":false,"showFlares":true,"showImageEffects":true,"showParticleSystems":true},"in2DMode":false,"pivot":{"x":-0.7568086385726929,"y":-5.292206764221191,"z":34.38591766357422},"rotation":{"x":0.6767450571060181,"y":-0.008833885192871094,"z":0.00812136847525835,"w":0.7361202239990234},"size":7.350039005279541,"orthographic":true}