{"cameraMode":{"drawMode":0,"name":"Shaded","section":"Shading Mode"},"sceneLighting":false,"audioPlay":false,"sceneViewState":{"showFog":true,"showMaterialUpdate":true,"showSkybox":false,"showFlares":true,"showImageEffects":true,"showParticleSystems":true},"in2DMode":false,"pivot":{"x":0.2500000596046448,"y":0.7999999523162842,"z":0.2500001788139343},"rotation":{"x":0.5018635392189026,"y":-0.01945805922150612,"z":0.011293841525912285,"w":0.864655077457428},"size":3.5960934162139894,"orthographic":true}