{"cameraMode":{"drawMode":0,"name":"Shaded","section":"Shading Mode"},"sceneLighting":false,"audioPlay":false,"sceneViewState":{"showFog":true,"showMaterialUpdate":true,"showSkybox":false,"showFlares":true,"showImageEffects":true,"showParticleSystems":true},"in2DMode":false,"pivot":{"x":0.01750004291534424,"y":0.7999999523162842,"z":33.96950149536133},"rotation":{"x":0.3190687298774719,"y":0.028426283970475198,"z":-0.009574801661074162,"w":0.9472580552101135},"size":31.557281494140626,"orthographic":true}