{"cameraMode":{"drawMode":0,"name":"Shaded","section":"Shading Mode"},"sceneLighting":true,"audioPlay":false,"sceneViewState":{"showFog":false,"showMaterialUpdate":false,"showSkybox":false,"showFlares":false,"showImageEffects":false,"showParticleSystems":false},"in2DMode":false,"pivot":{"x":0.008995666168630124,"y":-0.003710981458425522,"z":0.815894365310669},"rotation":{"x":0.7217602729797363,"y":0.007267117500305176,"z":-0.007578556891530752,"w":0.692065417766571},"size":1.1259267330169678,"orthographic":true}