{"cameraMode":{"drawMode":0,"name":"Shaded","section":"Shading Mode"},"sceneLighting":false,"audioPlay":false,"sceneViewState":{"showFog":true,"showMaterialUpdate":true,"showSkybox":false,"showFlares":true,"showImageEffects":true,"showParticleSystems":true},"in2DMode":false,"pivot":{"x":0.03600000962615013,"y":0.7875000238418579,"z":11.37619400024414},"rotation":{"x":0.16661575436592103,"y":-0.0044370852410793308,"z":0.0007498472114093602,"w":0.9860123991966248},"size":63.43902587890625,"orthographic":true}