{"cameraMode":{"drawMode":0,"name":"Shaded","section":"Shading Mode"},"sceneLighting":false,"audioPlay":false,"sceneViewState":{"showFog":true,"showMaterialUpdate":true,"showSkybox":false,"showFlares":true,"showImageEffects":true,"showParticleSystems":true},"in2DMode":false,"pivot":{"x":2.4628467559814455,"y":2.9312515258789064,"z":38.310325622558597},"rotation":{"x":0.5689653754234314,"y":0.05663307011127472,"z":-0.039320990443229678,"w":0.8194669485092163},"size":33.96136474609375,"orthographic":false}