{"cameraMode":{"drawMode":0,"name":"Shaded","section":"Shading Mode"},"sceneLighting":false,"audioPlay":false,"sceneViewState":{"showFog":true,"showMaterialUpdate":true,"showSkybox":false,"showFlares":true,"showImageEffects":true,"showParticleSystems":true},"in2DMode":false,"pivot":{"x":2.7973122596740724,"y":-0.3820208013057709,"z":28.902931213378908},"rotation":{"x":0.20446918904781342,"y":0.06601723283529282,"z":-0.013822590000927449,"w":0.9765467047691345},"size":4.4195661544799809,"orthographic":true}