{"cameraMode":{"drawMode":0,"name":"Shaded","section":"Shading Mode"},"sceneLighting":false,"audioPlay":false,"sceneViewState":{"showFog":true,"showMaterialUpdate":true,"showSkybox":false,"showFlares":true,"showImageEffects":true,"showParticleSystems":true},"in2DMode":false,"pivot":{"x":2.7973122596740724,"y":-0.3820208013057709,"z":28.902931213378908},"rotation":{"x":0.5423604846000671,"y":-0.03777780756354332,"z":0.024422770366072656,"w":0.838941216468811},"size":26.346040725708009,"orthographic":true}