{"cameraMode":{"drawMode":0,"name":"Shaded","section":"Shading Mode"},"sceneLighting":false,"audioPlay":false,"sceneViewState":{"showFog":true,"showMaterialUpdate":true,"showSkybox":false,"showFlares":true,"showImageEffects":true,"showParticleSystems":true},"in2DMode":false,"pivot":{"x":0.047882407903671268,"y":-1.025752067565918,"z":42.205352783203128},"rotation":{"x":0.7380055785179138,"y":-0.00018740358063951135,"z":0.00023436371702700853,"w":0.6748082637786865},"size":28.15767478942871,"orthographic":true}