{"cameraMode":{"drawMode":0,"name":"Shaded","section":"Shading Mode"},"sceneLighting":false,"audioPlay":false,"sceneViewState":{"showFog":true,"showMaterialUpdate":true,"showSkybox":false,"showFlares":true,"showImageEffects":true,"showParticleSystems":true},"in2DMode":false,"pivot":{"x":-1.9825000762939454,"y":0.7999999523162842,"z":49.96949768066406},"rotation":{"x":0.4151228368282318,"y":-0.03410331904888153,"z":0.01557436864823103,"w":0.9089940786361694},"size":1.5220718383789063,"orthographic":true}