{"cameraMode":{"drawMode":0,"name":"Shaded","section":"Shading Mode"},"sceneLighting":false,"audioPlay":false,"sceneViewState":{"showFog":true,"showMaterialUpdate":true,"showSkybox":false,"showFlares":true,"showImageEffects":true,"showParticleSystems":true},"in2DMode":false,"pivot":{"x":4.401556968688965,"y":-6.956271171569824,"z":27.965038299560548},"rotation":{"x":0.486901193857193,"y":0.04842875525355339,"z":-0.027050791308283807,"w":0.871694028377533},"size":26.28708839416504,"orthographic":true}