{"cameraMode":{"drawMode":0,"name":"Shaded","section":"Shading Mode"},"sceneLighting":false,"audioPlay":false,"sceneViewState":{"showFog":true,"showMaterialUpdate":true,"showSkybox":false,"showFlares":true,"showImageEffects":true,"showParticleSystems":true},"in2DMode":false,"pivot":{"x":0.0,"y":0.7029101252555847,"z":0.07578109204769135},"rotation":{"x":0.7059820294380188,"y":0.009560235776007176,"z":-0.009531104937195778,"w":0.7081040740013123},"size":2.0427334308624269,"orthographic":true}