{"cameraMode":{"drawMode":0,"name":"Shaded","section":"Shading Mode"},"sceneLighting":false,"audioPlay":false,"sceneViewState":{"showFog":true,"showMaterialUpdate":true,"showSkybox":false,"showFlares":true,"showImageEffects":true,"showParticleSystems":true},"in2DMode":false,"pivot":{"x":1.5059983730316163,"y":0.9476562738418579,"z":47.592071533203128},"rotation":{"x":0.5056719779968262,"y":0.024580923840403558,"z":-0.014415581710636616,"w":0.8622565865516663},"size":65.07135009765625,"orthographic":true}