{"cameraMode":{"drawMode":0,"name":"Shaded","section":"Shading Mode"},"sceneLighting":false,"audioPlay":false,"sceneViewState":{"showFog":true,"showMaterialUpdate":true,"showSkybox":false,"showFlares":true,"showImageEffects":true,"showParticleSystems":true},"in2DMode":false,"pivot":{"x":2.0477499961853029,"y":0.7999999523162842,"z":49.91324996948242},"rotation":{"x":0.35171082615852358,"y":-2.3082928901629886e-9,"z":-5.517249990205642e-10,"w":0.9361087679862976},"size":1.6973540782928467,"orthographic":true}