{"cameraMode":{"drawMode":0,"name":"Shaded","section":"Shading Mode"},"sceneLighting":false,"audioPlay":false,"sceneViewState":{"showFog":true,"showMaterialUpdate":true,"showSkybox":false,"showFlares":true,"showImageEffects":true,"showParticleSystems":true},"in2DMode":false,"pivot":{"x":0.047882407903671268,"y":-1.025752067565918,"z":42.205352783203128},"rotation":{"x":0.39043155312538149,"y":0.003875535912811756,"z":-0.0016205759020522237,"w":0.9206326007843018},"size":4.203128337860107,"orthographic":true}