{"cameraMode":{"drawMode":0,"name":"Shaded","section":"Shading Mode"},"sceneLighting":false,"audioPlay":false,"sceneViewState":{"showFog":true,"showMaterialUpdate":true,"showSkybox":false,"showFlares":true,"showImageEffects":true,"showParticleSystems":true},"in2DMode":false,"pivot":{"x":0.0,"y":-6.556510925292969e-7,"z":12.755650520324707},"rotation":{"x":0.6092585921287537,"y":0.024972297251224519,"z":-0.019192544743418695,"w":0.7923561930656433},"size":57.84564971923828,"orthographic":true}