{"cameraMode":{"drawMode":0,"name":"Shaded","section":"Shading Mode"},"sceneLighting":false,"audioPlay":false,"sceneViewState":{"showFog":true,"showMaterialUpdate":true,"showSkybox":false,"showFlares":true,"showImageEffects":true,"showParticleSystems":true},"in2DMode":false,"pivot":{"x":4.953102111816406,"y":-3.620312452316284,"z":18.362415313720704},"rotation":{"x":0.5466737151145935,"y":-0.00502401776611805,"z":0.003280114382505417,"w":0.8373249769210815},"size":42.353187561035159,"orthographic":true}