{"cameraMode":{"drawMode":0,"name":"Shaded","section":"Shading Mode"},"sceneLighting":false,"audioPlay":false,"sceneViewState":{"showFog":true,"showMaterialUpdate":true,"showSkybox":false,"showFlares":true,"showImageEffects":true,"showParticleSystems":true},"in2DMode":false,"pivot":{"x":0.00026702880859375,"y":0.7280859351158142,"z":14.9884033203125},"rotation":{"x":0.41128718852996828,"y":-0.010937657207250595,"z":0.0049356804229319099,"w":0.9114271402359009},"size":5.87684440612793,"orthographic":true}