{"cameraMode":{"drawMode":0,"name":"Shaded","section":"Shading Mode"},"sceneLighting":false,"audioPlay":false,"sceneViewState":{"showFog":true,"showMaterialUpdate":true,"showSkybox":false,"showFlares":true,"showImageEffects":true,"showParticleSystems":true},"in2DMode":false,"pivot":{"x":1.5580984354019166,"y":-1.2619102001190186,"z":7.281336307525635},"rotation":{"x":0.5781773328781128,"y":-0.0036715709138661625,"z":0.0026018237695097925,"w":0.8158989548683167},"size":23.74532127380371,"orthographic":true}