{"cameraMode":{"drawMode":0,"name":"Shaded","section":"Shading Mode"},"sceneLighting":false,"audioPlay":false,"sceneViewState":{"showFog":true,"showMaterialUpdate":true,"showSkybox":false,"showFlares":true,"showImageEffects":true,"showParticleSystems":true},"in2DMode":false,"pivot":{"x":2.6213324069976808,"y":-1.0984375476837159,"z":38.674156188964847},"rotation":{"x":0.012546448037028313,"y":0.2318509966135025,"z":-0.0029905366245657207,"w":0.972666323184967},"size":41.28482437133789,"orthographic":true}