{"cameraMode":{"drawMode":0,"name":"Shaded","section":"Shading Mode"},"sceneLighting":false,"audioPlay":false,"sceneViewState":{"showFog":true,"showMaterialUpdate":true,"showSkybox":false,"showFlares":true,"showImageEffects":true,"showParticleSystems":true},"in2DMode":false,"pivot":{"x":0.2867158055305481,"y":0.839062511920929,"z":22.83171844482422},"rotation":{"x":0.34807088971138,"y":0.0646127462387085,"z":-0.024055076763033868,"w":0.9349297881126404},"size":29.78936004638672,"orthographic":true}