{"cameraMode":{"drawMode":0,"name":"Shaded","section":"Shading Mode"},"sceneLighting":false,"audioPlay":false,"sceneViewState":{"showFog":true,"showMaterialUpdate":true,"showSkybox":false,"showFlares":true,"showImageEffects":true,"showParticleSystems":true},"in2DMode":false,"pivot":{"x":0.05851387977600098,"y":2.6399993896484377,"z":13.035590171813965},"rotation":{"x":0.5418328642845154,"y":-0.052871860563755038,"z":0.03418075293302536,"w":0.838125467300415},"size":35.902469635009769,"orthographic":true}