{"cameraMode":{"drawMode":0,"name":"Shaded","section":"Shading Mode"},"sceneLighting":false,"audioPlay":false,"sceneViewState":{"showFog":true,"showMaterialUpdate":true,"showSkybox":false,"showFlares":true,"showImageEffects":true,"showParticleSystems":true},"in2DMode":false,"pivot":{"x":2.6213324069976808,"y":-1.0984375476837159,"z":38.674156188964847},"rotation":{"x":0.2678399682044983,"y":0.23544706404209138,"z":-0.06767794489860535,"w":0.9317980408668518},"size":49.2329216003418,"orthographic":true}